{"sections":{"rich-text-1":{"type":"rich-text","blocks":{"heading":{"type":"heading","settings":{"heading":"Featured products","heading_size":"h2"}}},"block_order":["heading"],"settings":{"desktop_content_position":"center","content_alignment":"center","color_scheme":"scheme-1","full_width":false,"padding_top":56,"padding_bottom":0}},"featured-collection":{"type":"featured-collection","settings":{"title":"","heading_size":"h1","description":"","show_description":false,"description_style":"body","collection":"all","products_to_show":3,"columns_desktop":3,"full_width":false,"show_view_all":false,"view_all_style":"solid","enable_desktop_slider":false,"color_scheme":"scheme-1","image_ratio":"portrait","image_shape":"default","show_secondary_image":true,"show_vendor":true,"show_rating":false,"quick_add":"none","columns_mobile":"2","swipe_on_mobile":true,"padding_top":28,"padding_bottom":0}}},"order":["rich-text-1","featured-collection"]}